"","mtry","accuracy"
"1",2,0.83794295217719
"2",3,0.835656188554055
"3",4,0.832278015019879
"4",5,0.829029771237018
"5",6,0.82698554314967
"6",7,0.824898005145218
"7",8,0.822108846483668
"8",9,0.820168562197372
